"rt","stimulus","response","trial_type","trial_index","plugin_version","time_elapsed","success","timeout","failed_images","failed_audio","failed_video","correct_choice","correct_image","response_letter","correct","response_time"
"23788","
        <div class=""jspsych-html-keyboard-response-stimulus"">
          <p>Welcome to the experiment.</p>
          <p>Press any key to begin.</p>
          <div class=""press-any-key"">Press any key to begin</div>
        </div>
      "," ","html-keyboard-response","0","2.0.0","23790","","","","","","","","","",""
"63428","
        <div class=""jspsych-html-keyboard-response-stimulus"">
          <p id=""line1""></p>
          <p id=""line2""></p>
          <p id=""line3""></p>
          <p id=""line4""></p>
          <p id=""line5""></p>
          <p id=""line6""></p>
          <p id=""line7""></p>
          <div class=""press-any-key"" style=""opacity: 0;"">Press any key to begin</div>
        </div>
     "," ","html-keyboard-response","1","2.0.0","87218","","","","","","","","","",""
"","","","preload","2","2.0.0","87333","true","false","[]","[]","[]","","","","",""
"","","","preload","3","2.0.0","87435","true","false","[]","[]","[]","","","","",""
"null","
          <div class=""image-container"">
            <img src=""https://raw.githubusercontent.com/ucsd-psych201a/yu2007/refs/heads/main/stimuli/condition1/image/13.bmp"" alt=""Image 1"">
            <img src=""https://raw.githubusercontent.com/ucsd-psych201a/yu2007/refs/heads/main/stimuli/condition1/image/15.bmp"" alt=""Image 2"">
          </div>
          <div class=""timer"">Time Remaining: <span id=""timer"">6</span> seconds</div>
          <audio id=""audio_a"">
            <source src=""https://raw.githubusercontent.com/ucsd-psych201a/yu2007/refs/heads/main/stimuli/condition1/audio/15.mp3"">
          </audio>
          <audio id=""audio_b"">
            <source src=""https://raw.githubusercontent.com/ucsd-psych201a/yu2007/refs/heads/main/stimuli/condition1/audio/13.mp3"">
          </audio>
         ","null","html-keyboard-response","4","2.0.0","93443","","","","","","","","","",""
"","","","preload","5","2.0.0","93557","true","false","[]","[]","[]","","","","",""
"null","
          <div class=""image-container"">
            <img src=""https://raw.githubusercontent.com/ucsd-psych201a/yu2007/refs/heads/main/stimuli/condition1/image/11.bmp"" alt=""Image 1"">
            <img src=""https://raw.githubusercontent.com/ucsd-psych201a/yu2007/refs/heads/main/stimuli/condition1/image/5.bmp"" alt=""Image 2"">
          </div>
          <div class=""timer"">Time Remaining: <span id=""timer"">6</span> seconds</div>
          <audio id=""audio_a"">
            <source src=""https://raw.githubusercontent.com/ucsd-psych201a/yu2007/refs/heads/main/stimuli/condition1/audio/5.mp3"">
          </audio>
          <audio id=""audio_b"">
            <source src=""https://raw.githubusercontent.com/ucsd-psych201a/yu2007/refs/heads/main/stimuli/condition1/audio/11.mp3"">
          </audio>
         ","null","html-keyboard-response","6","2.0.0","99561","","","","","","","","","",""
"","","","preload","7","2.0.0","99672","true","false","[]","[]","[]","","","","",""
"null","
          <div class=""image-container"">
            <img src=""https://raw.githubusercontent.com/ucsd-psych201a/yu2007/refs/heads/main/stimuli/condition1/image/1.bmp"" alt=""Image 1"">
            <img src=""https://raw.githubusercontent.com/ucsd-psych201a/yu2007/refs/heads/main/stimuli/condition1/image/3.bmp"" alt=""Image 2"">
          </div>
          <div class=""timer"">Time Remaining: <span id=""timer"">6</span> seconds</div>
          <audio id=""audio_a"">
            <source src=""https://raw.githubusercontent.com/ucsd-psych201a/yu2007/refs/heads/main/stimuli/condition1/audio/1.mp3"">
          </audio>
          <audio id=""audio_b"">
            <source src=""https://raw.githubusercontent.com/ucsd-psych201a/yu2007/refs/heads/main/stimuli/condition1/audio/3.mp3"">
          </audio>
         ","null","html-keyboard-response","8","2.0.0","105678","","","","","","","","","",""
"","","","preload","9","2.0.0","105793","true","false","[]","[]","[]","","","","",""
"null","
          <div class=""image-container"">
            <img src=""https://raw.githubusercontent.com/ucsd-psych201a/yu2007/refs/heads/main/stimuli/condition1/image/4.bmp"" alt=""Image 1"">
            <img src=""https://raw.githubusercontent.com/ucsd-psych201a/yu2007/refs/heads/main/stimuli/condition1/image/1.bmp"" alt=""Image 2"">
          </div>
          <div class=""timer"">Time Remaining: <span id=""timer"">6</span> seconds</div>
          <audio id=""audio_a"">
            <source src=""https://raw.githubusercontent.com/ucsd-psych201a/yu2007/refs/heads/main/stimuli/condition1/audio/4.mp3"">
          </audio>
          <audio id=""audio_b"">
            <source src=""https://raw.githubusercontent.com/ucsd-psych201a/yu2007/refs/heads/main/stimuli/condition1/audio/1.mp3"">
          </audio>
         ","null","html-keyboard-response","10","2.0.0","111799","","","","","","","","","",""
"","","","preload","11","2.0.0","111924","true","false","[]","[]","[]","","","","",""
"null","
          <div class=""image-container"">
            <img src=""https://raw.githubusercontent.com/ucsd-psych201a/yu2007/refs/heads/main/stimuli/condition1/image/14.bmp"" alt=""Image 1"">
            <img src=""https://raw.githubusercontent.com/ucsd-psych201a/yu2007/refs/heads/main/stimuli/condition1/image/16.bmp"" alt=""Image 2"">
          </div>
          <div class=""timer"">Time Remaining: <span id=""timer"">6</span> seconds</div>
          <audio id=""audio_a"">
            <source src=""https://raw.githubusercontent.com/ucsd-psych201a/yu2007/refs/heads/main/stimuli/condition1/audio/16.mp3"">
          </audio>
          <audio id=""audio_b"">
            <source src=""https://raw.githubusercontent.com/ucsd-psych201a/yu2007/refs/heads/main/stimuli/condition1/audio/14.mp3"">
          </audio>
         ","null","html-keyboard-response","12","2.0.0","117932","","","","","","","","","",""
"","","","preload","13","2.0.0","118036","true","false","[]","[]","[]","","","","",""
"null","
          <div class=""image-container"">
            <img src=""https://raw.githubusercontent.com/ucsd-psych201a/yu2007/refs/heads/main/stimuli/condition1/image/5.bmp"" alt=""Image 1"">
            <img src=""https://raw.githubusercontent.com/ucsd-psych201a/yu2007/refs/heads/main/stimuli/condition1/image/7.bmp"" alt=""Image 2"">
          </div>
          <div class=""timer"">Time Remaining: <span id=""timer"">6</span> seconds</div>
          <audio id=""audio_a"">
            <source src=""https://raw.githubusercontent.com/ucsd-psych201a/yu2007/refs/heads/main/stimuli/condition1/audio/7.mp3"">
          </audio>
          <audio id=""audio_b"">
            <source src=""https://raw.githubusercontent.com/ucsd-psych201a/yu2007/refs/heads/main/stimuli/condition1/audio/5.mp3"">
          </audio>
         ","null","html-keyboard-response","14","2.0.0","124043","","","","","","","","","",""
"","","","preload","15","2.0.0","124147","true","false","[]","[]","[]","","","","",""
"null","
          <div class=""image-container"">
            <img src=""https://raw.githubusercontent.com/ucsd-psych201a/yu2007/refs/heads/main/stimuli/condition1/image/6.bmp"" alt=""Image 1"">
            <img src=""https://raw.githubusercontent.com/ucsd-psych201a/yu2007/refs/heads/main/stimuli/condition1/image/8.bmp"" alt=""Image 2"">
          </div>
          <div class=""timer"">Time Remaining: <span id=""timer"">6</span> seconds</div>
          <audio id=""audio_a"">
            <source src=""https://raw.githubusercontent.com/ucsd-psych201a/yu2007/refs/heads/main/stimuli/condition1/audio/6.mp3"">
          </audio>
          <audio id=""audio_b"">
            <source src=""https://raw.githubusercontent.com/ucsd-psych201a/yu2007/refs/heads/main/stimuli/condition1/audio/8.mp3"">
          </audio>
         ","null","html-keyboard-response","16","2.0.0","130151","","","","","","","","","",""
"","","","preload","17","2.0.0","130296","true","false","[]","[]","[]","","","","",""
"null","
          <div class=""image-container"">
            <img src=""https://raw.githubusercontent.com/ucsd-psych201a/yu2007/refs/heads/main/stimuli/condition1/image/9.bmp"" alt=""Image 1"">
            <img src=""https://raw.githubusercontent.com/ucsd-psych201a/yu2007/refs/heads/main/stimuli/condition1/image/3.bmp"" alt=""Image 2"">
          </div>
          <div class=""timer"">Time Remaining: <span id=""timer"">6</span> seconds</div>
          <audio id=""audio_a"">
            <source src=""https://raw.githubusercontent.com/ucsd-psych201a/yu2007/refs/heads/main/stimuli/condition1/audio/9.mp3"">
          </audio>
          <audio id=""audio_b"">
            <source src=""https://raw.githubusercontent.com/ucsd-psych201a/yu2007/refs/heads/main/stimuli/condition1/audio/3.mp3"">
          </audio>
         ","null","html-keyboard-response","18","2.0.0","136298","","","","","","","","","",""
"","","","preload","19","2.0.0","136302","true","false","[]","[]","[]","","","","",""
"null","
          <div class=""image-container"">
            <img src=""https://raw.githubusercontent.com/ucsd-psych201a/yu2007/refs/heads/main/stimuli/condition1/image/11.bmp"" alt=""Image 1"">
            <img src=""https://raw.githubusercontent.com/ucsd-psych201a/yu2007/refs/heads/main/stimuli/condition1/image/13.bmp"" alt=""Image 2"">
          </div>
          <div class=""timer"">Time Remaining: <span id=""timer"">6</span> seconds</div>
          <audio id=""audio_a"">
            <source src=""https://raw.githubusercontent.com/ucsd-psych201a/yu2007/refs/heads/main/stimuli/condition1/audio/13.mp3"">
          </audio>
          <audio id=""audio_b"">
            <source src=""https://raw.githubusercontent.com/ucsd-psych201a/yu2007/refs/heads/main/stimuli/condition1/audio/11.mp3"">
          </audio>
         ","null","html-keyboard-response","20","2.0.0","142307","","","","","","","","","",""
"","","","preload","21","2.0.0","142311","true","false","[]","[]","[]","","","","",""
"null","
          <div class=""image-container"">
            <img src=""https://raw.githubusercontent.com/ucsd-psych201a/yu2007/refs/heads/main/stimuli/condition1/image/6.bmp"" alt=""Image 1"">
            <img src=""https://raw.githubusercontent.com/ucsd-psych201a/yu2007/refs/heads/main/stimuli/condition1/image/7.bmp"" alt=""Image 2"">
          </div>
          <div class=""timer"">Time Remaining: <span id=""timer"">6</span> seconds</div>
          <audio id=""audio_a"">
            <source src=""https://raw.githubusercontent.com/ucsd-psych201a/yu2007/refs/heads/main/stimuli/condition1/audio/6.mp3"">
          </audio>
          <audio id=""audio_b"">
            <source src=""https://raw.githubusercontent.com/ucsd-psych201a/yu2007/refs/heads/main/stimuli/condition1/audio/7.mp3"">
          </audio>
         ","null","html-keyboard-response","22","2.0.0","148315","","","","","","","","","",""
"","","","preload","23","2.0.0","148319","true","false","[]","[]","[]","","","","",""
"null","
          <div class=""image-container"">
            <img src=""https://raw.githubusercontent.com/ucsd-psych201a/yu2007/refs/heads/main/stimuli/condition1/image/2.bmp"" alt=""Image 1"">
            <img src=""https://raw.githubusercontent.com/ucsd-psych201a/yu2007/refs/heads/main/stimuli/condition1/image/5.bmp"" alt=""Image 2"">
          </div>
          <div class=""timer"">Time Remaining: <span id=""timer"">6</span> seconds</div>
          <audio id=""audio_a"">
            <source src=""https://raw.githubusercontent.com/ucsd-psych201a/yu2007/refs/heads/main/stimuli/condition1/audio/2.mp3"">
          </audio>
          <audio id=""audio_b"">
            <source src=""https://raw.githubusercontent.com/ucsd-psych201a/yu2007/refs/heads/main/stimuli/condition1/audio/5.mp3"">
          </audio>
         ","null","html-keyboard-response","24","2.0.0","154324","","","","","","","","","",""
"","","","preload","25","2.0.0","154431","true","false","[]","[]","[]","","","","",""
"null","
          <div class=""image-container"">
            <img src=""https://raw.githubusercontent.com/ucsd-psych201a/yu2007/refs/heads/main/stimuli/condition1/image/10.bmp"" alt=""Image 1"">
            <img src=""https://raw.githubusercontent.com/ucsd-psych201a/yu2007/refs/heads/main/stimuli/condition1/image/11.bmp"" alt=""Image 2"">
          </div>
          <div class=""timer"">Time Remaining: <span id=""timer"">6</span> seconds</div>
          <audio id=""audio_a"">
            <source src=""https://raw.githubusercontent.com/ucsd-psych201a/yu2007/refs/heads/main/stimuli/condition1/audio/11.mp3"">
          </audio>
          <audio id=""audio_b"">
            <source src=""https://raw.githubusercontent.com/ucsd-psych201a/yu2007/refs/heads/main/stimuli/condition1/audio/10.mp3"">
          </audio>
         ","null","html-keyboard-response","26","2.0.0","160435","","","","","","","","","",""
"","","","preload","27","2.0.0","160439","true","false","[]","[]","[]","","","","",""
"null","
          <div class=""image-container"">
            <img src=""https://raw.githubusercontent.com/ucsd-psych201a/yu2007/refs/heads/main/stimuli/condition1/image/1.bmp"" alt=""Image 1"">
            <img src=""https://raw.githubusercontent.com/ucsd-psych201a/yu2007/refs/heads/main/stimuli/condition1/image/6.bmp"" alt=""Image 2"">
          </div>
          <div class=""timer"">Time Remaining: <span id=""timer"">6</span> seconds</div>
          <audio id=""audio_a"">
            <source src=""https://raw.githubusercontent.com/ucsd-psych201a/yu2007/refs/heads/main/stimuli/condition1/audio/6.mp3"">
          </audio>
          <audio id=""audio_b"">
            <source src=""https://raw.githubusercontent.com/ucsd-psych201a/yu2007/refs/heads/main/stimuli/condition1/audio/1.mp3"">
          </audio>
         ","null","html-keyboard-response","28","2.0.0","166442","","","","","","","","","",""
"","","","preload","29","2.0.0","166447","true","false","[]","[]","[]","","","","",""
"null","
          <div class=""image-container"">
            <img src=""https://raw.githubusercontent.com/ucsd-psych201a/yu2007/refs/heads/main/stimuli/condition1/image/9.bmp"" alt=""Image 1"">
            <img src=""https://raw.githubusercontent.com/ucsd-psych201a/yu2007/refs/heads/main/stimuli/condition1/image/8.bmp"" alt=""Image 2"">
          </div>
          <div class=""timer"">Time Remaining: <span id=""timer"">6</span> seconds</div>
          <audio id=""audio_a"">
            <source src=""https://raw.githubusercontent.com/ucsd-psych201a/yu2007/refs/heads/main/stimuli/condition1/audio/8.mp3"">
          </audio>
          <audio id=""audio_b"">
            <source src=""https://raw.githubusercontent.com/ucsd-psych201a/yu2007/refs/heads/main/stimuli/condition1/audio/9.mp3"">
          </audio>
         ","null","html-keyboard-response","30","2.0.0","172451","","","","","","","","","",""
"","","","preload","31","2.0.0","172455","true","false","[]","[]","[]","","","","",""
"null","
          <div class=""image-container"">
            <img src=""https://raw.githubusercontent.com/ucsd-psych201a/yu2007/refs/heads/main/stimuli/condition1/image/8.bmp"" alt=""Image 1"">
            <img src=""https://raw.githubusercontent.com/ucsd-psych201a/yu2007/refs/heads/main/stimuli/condition1/image/2.bmp"" alt=""Image 2"">
          </div>
          <div class=""timer"">Time Remaining: <span id=""timer"">6</span> seconds</div>
          <audio id=""audio_a"">
            <source src=""https://raw.githubusercontent.com/ucsd-psych201a/yu2007/refs/heads/main/stimuli/condition1/audio/2.mp3"">
          </audio>
          <audio id=""audio_b"">
            <source src=""https://raw.githubusercontent.com/ucsd-psych201a/yu2007/refs/heads/main/stimuli/condition1/audio/8.mp3"">
          </audio>
         ","null","html-keyboard-response","32","2.0.0","178459","","","","","","","","","",""
"","","","preload","33","2.0.0","178567","true","false","[]","[]","[]","","","","",""
"null","
          <div class=""image-container"">
            <img src=""https://raw.githubusercontent.com/ucsd-psych201a/yu2007/refs/heads/main/stimuli/condition1/image/1.bmp"" alt=""Image 1"">
            <img src=""https://raw.githubusercontent.com/ucsd-psych201a/yu2007/refs/heads/main/stimuli/condition1/image/17.bmp"" alt=""Image 2"">
          </div>
          <div class=""timer"">Time Remaining: <span id=""timer"">6</span> seconds</div>
          <audio id=""audio_a"">
            <source src=""https://raw.githubusercontent.com/ucsd-psych201a/yu2007/refs/heads/main/stimuli/condition1/audio/1.mp3"">
          </audio>
          <audio id=""audio_b"">
            <source src=""https://raw.githubusercontent.com/ucsd-psych201a/yu2007/refs/heads/main/stimuli/condition1/audio/17.mp3"">
          </audio>
         ","null","html-keyboard-response","34","2.0.0","184571","","","","","","","","","",""
"","","","preload","35","2.0.0","184697","true","false","[]","[]","[]","","","","",""
"null","
          <div class=""image-container"">
            <img src=""https://raw.githubusercontent.com/ucsd-psych201a/yu2007/refs/heads/main/stimuli/condition1/image/10.bmp"" alt=""Image 1"">
            <img src=""https://raw.githubusercontent.com/ucsd-psych201a/yu2007/refs/heads/main/stimuli/condition1/image/12.bmp"" alt=""Image 2"">
          </div>
          <div class=""timer"">Time Remaining: <span id=""timer"">6</span> seconds</div>
          <audio id=""audio_a"">
            <source src=""https://raw.githubusercontent.com/ucsd-psych201a/yu2007/refs/heads/main/stimuli/condition1/audio/10.mp3"">
          </audio>
          <audio id=""audio_b"">
            <source src=""https://raw.githubusercontent.com/ucsd-psych201a/yu2007/refs/heads/main/stimuli/condition1/audio/12.mp3"">
          </audio>
         ","null","html-keyboard-response","36","2.0.0","190701","","","","","","","","","",""
"","","","preload","37","2.0.0","190705","true","false","[]","[]","[]","","","","",""
"null","
          <div class=""image-container"">
            <img src=""https://raw.githubusercontent.com/ucsd-psych201a/yu2007/refs/heads/main/stimuli/condition1/image/8.bmp"" alt=""Image 1"">
            <img src=""https://raw.githubusercontent.com/ucsd-psych201a/yu2007/refs/heads/main/stimuli/condition1/image/10.bmp"" alt=""Image 2"">
          </div>
          <div class=""timer"">Time Remaining: <span id=""timer"">6</span> seconds</div>
          <audio id=""audio_a"">
            <source src=""https://raw.githubusercontent.com/ucsd-psych201a/yu2007/refs/heads/main/stimuli/condition1/audio/10.mp3"">
          </audio>
          <audio id=""audio_b"">
            <source src=""https://raw.githubusercontent.com/ucsd-psych201a/yu2007/refs/heads/main/stimuli/condition1/audio/8.mp3"">
          </audio>
         ","null","html-keyboard-response","38","2.0.0","196709","","","","","","","","","",""
"","","","preload","39","2.0.0","196848","true","false","[]","[]","[]","","","","",""
"null","
          <div class=""image-container"">
            <img src=""https://raw.githubusercontent.com/ucsd-psych201a/yu2007/refs/heads/main/stimuli/condition1/image/18.bmp"" alt=""Image 1"">
            <img src=""https://raw.githubusercontent.com/ucsd-psych201a/yu2007/refs/heads/main/stimuli/condition1/image/1.bmp"" alt=""Image 2"">
          </div>
          <div class=""timer"">Time Remaining: <span id=""timer"">6</span> seconds</div>
          <audio id=""audio_a"">
            <source src=""https://raw.githubusercontent.com/ucsd-psych201a/yu2007/refs/heads/main/stimuli/condition1/audio/1.mp3"">
          </audio>
          <audio id=""audio_b"">
            <source src=""https://raw.githubusercontent.com/ucsd-psych201a/yu2007/refs/heads/main/stimuli/condition1/audio/18.mp3"">
          </audio>
         ","null","html-keyboard-response","40","2.0.0","202852","","","","","","","","","",""
"","","","preload","41","2.0.0","202856","true","false","[]","[]","[]","","","","",""
"null","
          <div class=""image-container"">
            <img src=""https://raw.githubusercontent.com/ucsd-psych201a/yu2007/refs/heads/main/stimuli/condition1/image/15.bmp"" alt=""Image 1"">
            <img src=""https://raw.githubusercontent.com/ucsd-psych201a/yu2007/refs/heads/main/stimuli/condition1/image/10.bmp"" alt=""Image 2"">
          </div>
          <div class=""timer"">Time Remaining: <span id=""timer"">6</span> seconds</div>
          <audio id=""audio_a"">
            <source src=""https://raw.githubusercontent.com/ucsd-psych201a/yu2007/refs/heads/main/stimuli/condition1/audio/15.mp3"">
          </audio>
          <audio id=""audio_b"">
            <source src=""https://raw.githubusercontent.com/ucsd-psych201a/yu2007/refs/heads/main/stimuli/condition1/audio/10.mp3"">
          </audio>
         ","null","html-keyboard-response","42","2.0.0","208861","","","","","","","","","",""
"","","","preload","43","2.0.0","208865","true","false","[]","[]","[]","","","","",""
"null","
          <div class=""image-container"">
            <img src=""https://raw.githubusercontent.com/ucsd-psych201a/yu2007/refs/heads/main/stimuli/condition1/image/7.bmp"" alt=""Image 1"">
            <img src=""https://raw.githubusercontent.com/ucsd-psych201a/yu2007/refs/heads/main/stimuli/condition1/image/4.bmp"" alt=""Image 2"">
          </div>
          <div class=""timer"">Time Remaining: <span id=""timer"">6</span> seconds</div>
          <audio id=""audio_a"">
            <source src=""https://raw.githubusercontent.com/ucsd-psych201a/yu2007/refs/heads/main/stimuli/condition1/audio/7.mp3"">
          </audio>
          <audio id=""audio_b"">
            <source src=""https://raw.githubusercontent.com/ucsd-psych201a/yu2007/refs/heads/main/stimuli/condition1/audio/4.mp3"">
          </audio>
         ","null","html-keyboard-response","44","2.0.0","214868","","","","","","","","","",""
"","","","preload","45","2.0.0","214872","true","false","[]","[]","[]","","","","",""
"null","
          <div class=""image-container"">
            <img src=""https://raw.githubusercontent.com/ucsd-psych201a/yu2007/refs/heads/main/stimuli/condition1/image/9.bmp"" alt=""Image 1"">
            <img src=""https://raw.githubusercontent.com/ucsd-psych201a/yu2007/refs/heads/main/stimuli/condition1/image/11.bmp"" alt=""Image 2"">
          </div>
          <div class=""timer"">Time Remaining: <span id=""timer"">6</span> seconds</div>
          <audio id=""audio_a"">
            <source src=""https://raw.githubusercontent.com/ucsd-psych201a/yu2007/refs/heads/main/stimuli/condition1/audio/11.mp3"">
          </audio>
          <audio id=""audio_b"">
            <source src=""https://raw.githubusercontent.com/ucsd-psych201a/yu2007/refs/heads/main/stimuli/condition1/audio/9.mp3"">
          </audio>
         ","null","html-keyboard-response","46","2.0.0","220876","","","","","","","","","",""
"","","","preload","47","2.0.0","220880","true","false","[]","[]","[]","","","","",""
"null","
          <div class=""image-container"">
            <img src=""https://raw.githubusercontent.com/ucsd-psych201a/yu2007/refs/heads/main/stimuli/condition1/image/4.bmp"" alt=""Image 1"">
            <img src=""https://raw.githubusercontent.com/ucsd-psych201a/yu2007/refs/heads/main/stimuli/condition1/image/5.bmp"" alt=""Image 2"">
          </div>
          <div class=""timer"">Time Remaining: <span id=""timer"">6</span> seconds</div>
          <audio id=""audio_a"">
            <source src=""https://raw.githubusercontent.com/ucsd-psych201a/yu2007/refs/heads/main/stimuli/condition1/audio/4.mp3"">
          </audio>
          <audio id=""audio_b"">
            <source src=""https://raw.githubusercontent.com/ucsd-psych201a/yu2007/refs/heads/main/stimuli/condition1/audio/5.mp3"">
          </audio>
         ","null","html-keyboard-response","48","2.0.0","226884","","","","","","","","","",""
"","","","preload","49","2.0.0","226889","true","false","[]","[]","[]","","","","",""
"null","
          <div class=""image-container"">
            <img src=""https://raw.githubusercontent.com/ucsd-psych201a/yu2007/refs/heads/main/stimuli/condition1/image/16.bmp"" alt=""Image 1"">
            <img src=""https://raw.githubusercontent.com/ucsd-psych201a/yu2007/refs/heads/main/stimuli/condition1/image/17.bmp"" alt=""Image 2"">
          </div>
          <div class=""timer"">Time Remaining: <span id=""timer"">6</span> seconds</div>
          <audio id=""audio_a"">
            <source src=""https://raw.githubusercontent.com/ucsd-psych201a/yu2007/refs/heads/main/stimuli/condition1/audio/17.mp3"">
          </audio>
          <audio id=""audio_b"">
            <source src=""https://raw.githubusercontent.com/ucsd-psych201a/yu2007/refs/heads/main/stimuli/condition1/audio/16.mp3"">
          </audio>
         ","null","html-keyboard-response","50","2.0.0","232893","","","","","","","","","",""
"","","","preload","51","2.0.0","232896","true","false","[]","[]","[]","","","","",""
"null","
          <div class=""image-container"">
            <img src=""https://raw.githubusercontent.com/ucsd-psych201a/yu2007/refs/heads/main/stimuli/condition1/image/3.bmp"" alt=""Image 1"">
            <img src=""https://raw.githubusercontent.com/ucsd-psych201a/yu2007/refs/heads/main/stimuli/condition1/image/2.bmp"" alt=""Image 2"">
          </div>
          <div class=""timer"">Time Remaining: <span id=""timer"">6</span> seconds</div>
          <audio id=""audio_a"">
            <source src=""https://raw.githubusercontent.com/ucsd-psych201a/yu2007/refs/heads/main/stimuli/condition1/audio/2.mp3"">
          </audio>
          <audio id=""audio_b"">
            <source src=""https://raw.githubusercontent.com/ucsd-psych201a/yu2007/refs/heads/main/stimuli/condition1/audio/3.mp3"">
          </audio>
         ","null","html-keyboard-response","52","2.0.0","238900","","","","","","","","","",""
"","","","preload","53","2.0.0","238904","true","false","[]","[]","[]","","","","",""
"null","
          <div class=""image-container"">
            <img src=""https://raw.githubusercontent.com/ucsd-psych201a/yu2007/refs/heads/main/stimuli/condition1/image/15.bmp"" alt=""Image 1"">
            <img src=""https://raw.githubusercontent.com/ucsd-psych201a/yu2007/refs/heads/main/stimuli/condition1/image/18.bmp"" alt=""Image 2"">
          </div>
          <div class=""timer"">Time Remaining: <span id=""timer"">6</span> seconds</div>
          <audio id=""audio_a"">
            <source src=""https://raw.githubusercontent.com/ucsd-psych201a/yu2007/refs/heads/main/stimuli/condition1/audio/18.mp3"">
          </audio>
          <audio id=""audio_b"">
            <source src=""https://raw.githubusercontent.com/ucsd-psych201a/yu2007/refs/heads/main/stimuli/condition1/audio/15.mp3"">
          </audio>
         ","null","html-keyboard-response","54","2.0.0","244908","","","","","","","","","",""
"","","","preload","55","2.0.0","244912","true","false","[]","[]","[]","","","","",""
"null","
          <div class=""image-container"">
            <img src=""https://raw.githubusercontent.com/ucsd-psych201a/yu2007/refs/heads/main/stimuli/condition1/image/5.bmp"" alt=""Image 1"">
            <img src=""https://raw.githubusercontent.com/ucsd-psych201a/yu2007/refs/heads/main/stimuli/condition1/image/7.bmp"" alt=""Image 2"">
          </div>
          <div class=""timer"">Time Remaining: <span id=""timer"">6</span> seconds</div>
          <audio id=""audio_a"">
            <source src=""https://raw.githubusercontent.com/ucsd-psych201a/yu2007/refs/heads/main/stimuli/condition1/audio/7.mp3"">
          </audio>
          <audio id=""audio_b"">
            <source src=""https://raw.githubusercontent.com/ucsd-psych201a/yu2007/refs/heads/main/stimuli/condition1/audio/5.mp3"">
          </audio>
         ","null","html-keyboard-response","56","2.0.0","250916","","","","","","","","","",""
"","","","preload","57","2.0.0","250920","true","false","[]","[]","[]","","","","",""
"null","
          <div class=""image-container"">
            <img src=""https://raw.githubusercontent.com/ucsd-psych201a/yu2007/refs/heads/main/stimuli/condition1/image/13.bmp"" alt=""Image 1"">
            <img src=""https://raw.githubusercontent.com/ucsd-psych201a/yu2007/refs/heads/main/stimuli/condition1/image/12.bmp"" alt=""Image 2"">
          </div>
          <div class=""timer"">Time Remaining: <span id=""timer"">6</span> seconds</div>
          <audio id=""audio_a"">
            <source src=""https://raw.githubusercontent.com/ucsd-psych201a/yu2007/refs/heads/main/stimuli/condition1/audio/12.mp3"">
          </audio>
          <audio id=""audio_b"">
            <source src=""https://raw.githubusercontent.com/ucsd-psych201a/yu2007/refs/heads/main/stimuli/condition1/audio/13.mp3"">
          </audio>
         ","null","html-keyboard-response","58","2.0.0","256924","","","","","","","","","",""
"","","","preload","59","2.0.0","256928","true","false","[]","[]","[]","","","","",""
"null","
          <div class=""image-container"">
            <img src=""https://raw.githubusercontent.com/ucsd-psych201a/yu2007/refs/heads/main/stimuli/condition1/image/9.bmp"" alt=""Image 1"">
            <img src=""https://raw.githubusercontent.com/ucsd-psych201a/yu2007/refs/heads/main/stimuli/condition1/image/11.bmp"" alt=""Image 2"">
          </div>
          <div class=""timer"">Time Remaining: <span id=""timer"">6</span> seconds</div>
          <audio id=""audio_a"">
            <source src=""https://raw.githubusercontent.com/ucsd-psych201a/yu2007/refs/heads/main/stimuli/condition1/audio/9.mp3"">
          </audio>
          <audio id=""audio_b"">
            <source src=""https://raw.githubusercontent.com/ucsd-psych201a/yu2007/refs/heads/main/stimuli/condition1/audio/11.mp3"">
          </audio>
         ","null","html-keyboard-response","60","2.0.0","262933","","","","","","","","","",""
"","","","preload","61","2.0.0","262937","true","false","[]","[]","[]","","","","",""
"null","
          <div class=""image-container"">
            <img src=""https://raw.githubusercontent.com/ucsd-psych201a/yu2007/refs/heads/main/stimuli/condition1/image/16.bmp"" alt=""Image 1"">
            <img src=""https://raw.githubusercontent.com/ucsd-psych201a/yu2007/refs/heads/main/stimuli/condition1/image/12.bmp"" alt=""Image 2"">
          </div>
          <div class=""timer"">Time Remaining: <span id=""timer"">6</span> seconds</div>
          <audio id=""audio_a"">
            <source src=""https://raw.githubusercontent.com/ucsd-psych201a/yu2007/refs/heads/main/stimuli/condition1/audio/16.mp3"">
          </audio>
          <audio id=""audio_b"">
            <source src=""https://raw.githubusercontent.com/ucsd-psych201a/yu2007/refs/heads/main/stimuli/condition1/audio/12.mp3"">
          </audio>
         ","null","html-keyboard-response","62","2.0.0","268941","","","","","","","","","",""
"","","","preload","63","2.0.0","268945","true","false","[]","[]","[]","","","","",""
"null","
          <div class=""image-container"">
            <img src=""https://raw.githubusercontent.com/ucsd-psych201a/yu2007/refs/heads/main/stimuli/condition1/image/3.bmp"" alt=""Image 1"">
            <img src=""https://raw.githubusercontent.com/ucsd-psych201a/yu2007/refs/heads/main/stimuli/condition1/image/6.bmp"" alt=""Image 2"">
          </div>
          <div class=""timer"">Time Remaining: <span id=""timer"">6</span> seconds</div>
          <audio id=""audio_a"">
            <source src=""https://raw.githubusercontent.com/ucsd-psych201a/yu2007/refs/heads/main/stimuli/condition1/audio/6.mp3"">
          </audio>
          <audio id=""audio_b"">
            <source src=""https://raw.githubusercontent.com/ucsd-psych201a/yu2007/refs/heads/main/stimuli/condition1/audio/3.mp3"">
          </audio>
         ","null","html-keyboard-response","64","2.0.0","274949","","","","","","","","","",""
"","","","preload","65","2.0.0","274953","true","false","[]","[]","[]","","","","",""
"null","
          <div class=""image-container"">
            <img src=""https://raw.githubusercontent.com/ucsd-psych201a/yu2007/refs/heads/main/stimuli/condition1/image/2.bmp"" alt=""Image 1"">
            <img src=""https://raw.githubusercontent.com/ucsd-psych201a/yu2007/refs/heads/main/stimuli/condition1/image/18.bmp"" alt=""Image 2"">
          </div>
          <div class=""timer"">Time Remaining: <span id=""timer"">6</span> seconds</div>
          <audio id=""audio_a"">
            <source src=""https://raw.githubusercontent.com/ucsd-psych201a/yu2007/refs/heads/main/stimuli/condition1/audio/18.mp3"">
          </audio>
          <audio id=""audio_b"">
            <source src=""https://raw.githubusercontent.com/ucsd-psych201a/yu2007/refs/heads/main/stimuli/condition1/audio/2.mp3"">
          </audio>
         ","null","html-keyboard-response","66","2.0.0","280958","","","","","","","","","",""
"","","","preload","67","2.0.0","280961","true","false","[]","[]","[]","","","","",""
"null","
          <div class=""image-container"">
            <img src=""https://raw.githubusercontent.com/ucsd-psych201a/yu2007/refs/heads/main/stimuli/condition1/image/8.bmp"" alt=""Image 1"">
            <img src=""https://raw.githubusercontent.com/ucsd-psych201a/yu2007/refs/heads/main/stimuli/condition1/image/6.bmp"" alt=""Image 2"">
          </div>
          <div class=""timer"">Time Remaining: <span id=""timer"">6</span> seconds</div>
          <audio id=""audio_a"">
            <source src=""https://raw.githubusercontent.com/ucsd-psych201a/yu2007/refs/heads/main/stimuli/condition1/audio/6.mp3"">
          </audio>
          <audio id=""audio_b"">
            <source src=""https://raw.githubusercontent.com/ucsd-psych201a/yu2007/refs/heads/main/stimuli/condition1/audio/8.mp3"">
          </audio>
         ","null","html-keyboard-response","68","2.0.0","286966","","","","","","","","","",""
"","","","preload","69","2.0.0","286970","true","false","[]","[]","[]","","","","",""
"null","
          <div class=""image-container"">
            <img src=""https://raw.githubusercontent.com/ucsd-psych201a/yu2007/refs/heads/main/stimuli/condition1/image/16.bmp"" alt=""Image 1"">
            <img src=""https://raw.githubusercontent.com/ucsd-psych201a/yu2007/refs/heads/main/stimuli/condition1/image/18.bmp"" alt=""Image 2"">
          </div>
          <div class=""timer"">Time Remaining: <span id=""timer"">6</span> seconds</div>
          <audio id=""audio_a"">
            <source src=""https://raw.githubusercontent.com/ucsd-psych201a/yu2007/refs/heads/main/stimuli/condition1/audio/18.mp3"">
          </audio>
          <audio id=""audio_b"">
            <source src=""https://raw.githubusercontent.com/ucsd-psych201a/yu2007/refs/heads/main/stimuli/condition1/audio/16.mp3"">
          </audio>
         ","null","html-keyboard-response","70","2.0.0","292974","","","","","","","","","",""
"","","","preload","71","2.0.0","292978","true","false","[]","[]","[]","","","","",""
"null","
          <div class=""image-container"">
            <img src=""https://raw.githubusercontent.com/ucsd-psych201a/yu2007/refs/heads/main/stimuli/condition1/image/4.bmp"" alt=""Image 1"">
            <img src=""https://raw.githubusercontent.com/ucsd-psych201a/yu2007/refs/heads/main/stimuli/condition1/image/2.bmp"" alt=""Image 2"">
          </div>
          <div class=""timer"">Time Remaining: <span id=""timer"">6</span> seconds</div>
          <audio id=""audio_a"">
            <source src=""https://raw.githubusercontent.com/ucsd-psych201a/yu2007/refs/heads/main/stimuli/condition1/audio/4.mp3"">
          </audio>
          <audio id=""audio_b"">
            <source src=""https://raw.githubusercontent.com/ucsd-psych201a/yu2007/refs/heads/main/stimuli/condition1/audio/2.mp3"">
          </audio>
         ","null","html-keyboard-response","72","2.0.0","298982","","","","","","","","","",""
"","","","preload","73","2.0.0","298987","true","false","[]","[]","[]","","","","",""
"null","
          <div class=""image-container"">
            <img src=""https://raw.githubusercontent.com/ucsd-psych201a/yu2007/refs/heads/main/stimuli/condition1/image/10.bmp"" alt=""Image 1"">
            <img src=""https://raw.githubusercontent.com/ucsd-psych201a/yu2007/refs/heads/main/stimuli/condition1/image/8.bmp"" alt=""Image 2"">
          </div>
          <div class=""timer"">Time Remaining: <span id=""timer"">6</span> seconds</div>
          <audio id=""audio_a"">
            <source src=""https://raw.githubusercontent.com/ucsd-psych201a/yu2007/refs/heads/main/stimuli/condition1/audio/8.mp3"">
          </audio>
          <audio id=""audio_b"">
            <source src=""https://raw.githubusercontent.com/ucsd-psych201a/yu2007/refs/heads/main/stimuli/condition1/audio/10.mp3"">
          </audio>
         ","null","html-keyboard-response","74","2.0.0","304991","","","","","","","","","",""
"","","","preload","75","2.0.0","304995","true","false","[]","[]","[]","","","","",""
"null","
          <div class=""image-container"">
            <img src=""https://raw.githubusercontent.com/ucsd-psych201a/yu2007/refs/heads/main/stimuli/condition1/image/13.bmp"" alt=""Image 1"">
            <img src=""https://raw.githubusercontent.com/ucsd-psych201a/yu2007/refs/heads/main/stimuli/condition1/image/11.bmp"" alt=""Image 2"">
          </div>
          <div class=""timer"">Time Remaining: <span id=""timer"">6</span> seconds</div>
          <audio id=""audio_a"">
            <source src=""https://raw.githubusercontent.com/ucsd-psych201a/yu2007/refs/heads/main/stimuli/condition1/audio/11.mp3"">
          </audio>
          <audio id=""audio_b"">
            <source src=""https://raw.githubusercontent.com/ucsd-psych201a/yu2007/refs/heads/main/stimuli/condition1/audio/13.mp3"">
          </audio>
         ","null","html-keyboard-response","76","2.0.0","310999","","","","","","","","","",""
"","","","preload","77","2.0.0","311003","true","false","[]","[]","[]","","","","",""
"null","
          <div class=""image-container"">
            <img src=""https://raw.githubusercontent.com/ucsd-psych201a/yu2007/refs/heads/main/stimuli/condition1/image/13.bmp"" alt=""Image 1"">
            <img src=""https://raw.githubusercontent.com/ucsd-psych201a/yu2007/refs/heads/main/stimuli/condition1/image/7.bmp"" alt=""Image 2"">
          </div>
          <div class=""timer"">Time Remaining: <span id=""timer"">6</span> seconds</div>
          <audio id=""audio_a"">
            <source src=""https://raw.githubusercontent.com/ucsd-psych201a/yu2007/refs/heads/main/stimuli/condition1/audio/13.mp3"">
          </audio>
          <audio id=""audio_b"">
            <source src=""https://raw.githubusercontent.com/ucsd-psych201a/yu2007/refs/heads/main/stimuli/condition1/audio/7.mp3"">
          </audio>
         ","null","html-keyboard-response","78","2.0.0","317008","","","","","","","","","",""
"","","","preload","79","2.0.0","317013","true","false","[]","[]","[]","","","","",""
"null","
          <div class=""image-container"">
            <img src=""https://raw.githubusercontent.com/ucsd-psych201a/yu2007/refs/heads/main/stimuli/condition1/image/14.bmp"" alt=""Image 1"">
            <img src=""https://raw.githubusercontent.com/ucsd-psych201a/yu2007/refs/heads/main/stimuli/condition1/image/15.bmp"" alt=""Image 2"">
          </div>
          <div class=""timer"">Time Remaining: <span id=""timer"">6</span> seconds</div>
          <audio id=""audio_a"">
            <source src=""https://raw.githubusercontent.com/ucsd-psych201a/yu2007/refs/heads/main/stimuli/condition1/audio/14.mp3"">
          </audio>
          <audio id=""audio_b"">
            <source src=""https://raw.githubusercontent.com/ucsd-psych201a/yu2007/refs/heads/main/stimuli/condition1/audio/15.mp3"">
          </audio>
         ","null","html-keyboard-response","80","2.0.0","323018","","","","","","","","","",""
"","","","preload","81","2.0.0","323022","true","false","[]","[]","[]","","","","",""
"null","
          <div class=""image-container"">
            <img src=""https://raw.githubusercontent.com/ucsd-psych201a/yu2007/refs/heads/main/stimuli/condition1/image/9.bmp"" alt=""Image 1"">
            <img src=""https://raw.githubusercontent.com/ucsd-psych201a/yu2007/refs/heads/main/stimuli/condition1/image/12.bmp"" alt=""Image 2"">
          </div>
          <div class=""timer"">Time Remaining: <span id=""timer"">6</span> seconds</div>
          <audio id=""audio_a"">
            <source src=""https://raw.githubusercontent.com/ucsd-psych201a/yu2007/refs/heads/main/stimuli/condition1/audio/12.mp3"">
          </audio>
          <audio id=""audio_b"">
            <source src=""https://raw.githubusercontent.com/ucsd-psych201a/yu2007/refs/heads/main/stimuli/condition1/audio/9.mp3"">
          </audio>
         ","null","html-keyboard-response","82","2.0.0","329026","","","","","","","","","",""
"","","","preload","83","2.0.0","329030","true","false","[]","[]","[]","","","","",""
"null","
          <div class=""image-container"">
            <img src=""https://raw.githubusercontent.com/ucsd-psych201a/yu2007/refs/heads/main/stimuli/condition1/image/16.bmp"" alt=""Image 1"">
            <img src=""https://raw.githubusercontent.com/ucsd-psych201a/yu2007/refs/heads/main/stimuli/condition1/image/14.bmp"" alt=""Image 2"">
          </div>
          <div class=""timer"">Time Remaining: <span id=""timer"">6</span> seconds</div>
          <audio id=""audio_a"">
            <source src=""https://raw.githubusercontent.com/ucsd-psych201a/yu2007/refs/heads/main/stimuli/condition1/audio/16.mp3"">
          </audio>
          <audio id=""audio_b"">
            <source src=""https://raw.githubusercontent.com/ucsd-psych201a/yu2007/refs/heads/main/stimuli/condition1/audio/14.mp3"">
          </audio>
         ","null","html-keyboard-response","84","2.0.0","335035","","","","","","","","","",""
"","","","preload","85","2.0.0","335040","true","false","[]","[]","[]","","","","",""
"null","
          <div class=""image-container"">
            <img src=""https://raw.githubusercontent.com/ucsd-psych201a/yu2007/refs/heads/main/stimuli/condition1/image/14.bmp"" alt=""Image 1"">
            <img src=""https://raw.githubusercontent.com/ucsd-psych201a/yu2007/refs/heads/main/stimuli/condition1/image/12.bmp"" alt=""Image 2"">
          </div>
          <div class=""timer"">Time Remaining: <span id=""timer"">6</span> seconds</div>
          <audio id=""audio_a"">
            <source src=""https://raw.githubusercontent.com/ucsd-psych201a/yu2007/refs/heads/main/stimuli/condition1/audio/12.mp3"">
          </audio>
          <audio id=""audio_b"">
            <source src=""https://raw.githubusercontent.com/ucsd-psych201a/yu2007/refs/heads/main/stimuli/condition1/audio/14.mp3"">
          </audio>
         ","null","html-keyboard-response","86","2.0.0","341045","","","","","","","","","",""
"","","","preload","87","2.0.0","341049","true","false","[]","[]","[]","","","","",""
"null","
          <div class=""image-container"">
            <img src=""https://raw.githubusercontent.com/ucsd-psych201a/yu2007/refs/heads/main/stimuli/condition1/image/18.bmp"" alt=""Image 1"">
            <img src=""https://raw.githubusercontent.com/ucsd-psych201a/yu2007/refs/heads/main/stimuli/condition1/image/14.bmp"" alt=""Image 2"">
          </div>
          <div class=""timer"">Time Remaining: <span id=""timer"">6</span> seconds</div>
          <audio id=""audio_a"">
            <source src=""https://raw.githubusercontent.com/ucsd-psych201a/yu2007/refs/heads/main/stimuli/condition1/audio/14.mp3"">
          </audio>
          <audio id=""audio_b"">
            <source src=""https://raw.githubusercontent.com/ucsd-psych201a/yu2007/refs/heads/main/stimuli/condition1/audio/18.mp3"">
          </audio>
         ","null","html-keyboard-response","88","2.0.0","347053","","","","","","","","","",""
"","","","preload","89","2.0.0","347057","true","false","[]","[]","[]","","","","",""
"null","
          <div class=""image-container"">
            <img src=""https://raw.githubusercontent.com/ucsd-psych201a/yu2007/refs/heads/main/stimuli/condition1/image/5.bmp"" alt=""Image 1"">
            <img src=""https://raw.githubusercontent.com/ucsd-psych201a/yu2007/refs/heads/main/stimuli/condition1/image/3.bmp"" alt=""Image 2"">
          </div>
          <div class=""timer"">Time Remaining: <span id=""timer"">6</span> seconds</div>
          <audio id=""audio_a"">
            <source src=""https://raw.githubusercontent.com/ucsd-psych201a/yu2007/refs/heads/main/stimuli/condition1/audio/5.mp3"">
          </audio>
          <audio id=""audio_b"">
            <source src=""https://raw.githubusercontent.com/ucsd-psych201a/yu2007/refs/heads/main/stimuli/condition1/audio/3.mp3"">
          </audio>
         ","null","html-keyboard-response","90","2.0.0","353062","","","","","","","","","",""
"","","","preload","91","2.0.0","353066","true","false","[]","[]","[]","","","","",""
"null","
          <div class=""image-container"">
            <img src=""https://raw.githubusercontent.com/ucsd-psych201a/yu2007/refs/heads/main/stimuli/condition1/image/15.bmp"" alt=""Image 1"">
            <img src=""https://raw.githubusercontent.com/ucsd-psych201a/yu2007/refs/heads/main/stimuli/condition1/image/17.bmp"" alt=""Image 2"">
          </div>
          <div class=""timer"">Time Remaining: <span id=""timer"">6</span> seconds</div>
          <audio id=""audio_a"">
            <source src=""https://raw.githubusercontent.com/ucsd-psych201a/yu2007/refs/heads/main/stimuli/condition1/audio/15.mp3"">
          </audio>
          <audio id=""audio_b"">
            <source src=""https://raw.githubusercontent.com/ucsd-psych201a/yu2007/refs/heads/main/stimuli/condition1/audio/17.mp3"">
          </audio>
         ","null","html-keyboard-response","92","2.0.0","359070","","","","","","","","","",""
"16021","
    <div class=""jspsych-html-keyboard-response-stimulus"">
    <p>Now that you've completed the learning phase, it's time for a test.</p>
    <p>In each question, you will hear an audio clip and see four images on the screen.</p>
    <p>Your task is to select the image that corresponds to the audio you hear. Use the mouse to select your answer.</p>
    <p>You will not receive feedback during this test, but your performance will be recorded.</p>
    <p>Press any key to begin the test.</p>
    </div>
  "," ","html-keyboard-response","93","2.0.0","375093","","","","","","","","","",""
"7849","
      <div style=""text-align: center;"">
        <p>Listen to the audio and select the matching image:</p>
        <audio src=""https://raw.githubusercontent.com/ucsd-psych201a/yu2007/refs/heads/main/stimuli/condition1/audio/1.mp3"" autoplay></audio>
        <div style=""display: flex; justify-content: center; gap: 20px; margin-top: 20px;"">
          <div style=""display: flex; flex-direction: column; align-items: center;"">
                  <button class=""jspsych-btn"" style=""padding: 0; border: none; background: none;"">
                    <img src=""https://raw.githubusercontent.com/ucsd-psych201a/yu2007/refs/heads/main/stimuli/condition1/image/1.bmp"" 
                         alt=""Image 1"" 
                         style=""width: 150px; height: 150px; display: block;"">
                  </button>
                  <div style=""margin-top: 10px; font-weight: bold;"">A</div>
                </div><div style=""display: flex; flex-direction: column; align-items: center;"">
                  <button class=""jspsych-btn"" style=""padding: 0; border: none; background: none;"">
                    <img src=""https://raw.githubusercontent.com/ucsd-psych201a/yu2007/refs/heads/main/stimuli/condition1/image/7.bmp"" 
                         alt=""Image 7"" 
                         style=""width: 150px; height: 150px; display: block;"">
                  </button>
                  <div style=""margin-top: 10px; font-weight: bold;"">B</div>
                </div><div style=""display: flex; flex-direction: column; align-items: center;"">
                  <button class=""jspsych-btn"" style=""padding: 0; border: none; background: none;"">
                    <img src=""https://raw.githubusercontent.com/ucsd-psych201a/yu2007/refs/heads/main/stimuli/condition1/image/12.bmp"" 
                         alt=""Image 12"" 
                         style=""width: 150px; height: 150px; display: block;"">
                  </button>
                  <div style=""margin-top: 10px; font-weight: bold;"">C</div>
                </div><div style=""display: flex; flex-direction: column; align-items: center;"">
                  <button class=""jspsych-btn"" style=""padding: 0; border: none; background: none;"">
                    <img src=""https://raw.githubusercontent.com/ucsd-psych201a/yu2007/refs/heads/main/stimuli/condition1/image/3.bmp"" 
                         alt=""Image 3"" 
                         style=""width: 150px; height: 150px; display: block;"">
                  </button>
                  <div style=""margin-top: 10px; font-weight: bold;"">D</div>
                </div>
        </div>
      </div>
    ","0","html-button-response","94","2.0.0","382949","","","","","","A","1","A","true","7849"
"4658","
      <div style=""text-align: center;"">
        <p>Listen to the audio and select the matching image:</p>
        <audio src=""https://raw.githubusercontent.com/ucsd-psych201a/yu2007/refs/heads/main/stimuli/condition1/audio/2.mp3"" autoplay></audio>
        <div style=""display: flex; justify-content: center; gap: 20px; margin-top: 20px;"">
          <div style=""display: flex; flex-direction: column; align-items: center;"">
                  <button class=""jspsych-btn"" style=""padding: 0; border: none; background: none;"">
                    <img src=""https://raw.githubusercontent.com/ucsd-psych201a/yu2007/refs/heads/main/stimuli/condition1/image/9.bmp"" 
                         alt=""Image 9"" 
                         style=""width: 150px; height: 150px; display: block;"">
                  </button>
                  <div style=""margin-top: 10px; font-weight: bold;"">A</div>
                </div><div style=""display: flex; flex-direction: column; align-items: center;"">
                  <button class=""jspsych-btn"" style=""padding: 0; border: none; background: none;"">
                    <img src=""https://raw.githubusercontent.com/ucsd-psych201a/yu2007/refs/heads/main/stimuli/condition1/image/2.bmp"" 
                         alt=""Image 2"" 
                         style=""width: 150px; height: 150px; display: block;"">
                  </button>
                  <div style=""margin-top: 10px; font-weight: bold;"">B</div>
                </div><div style=""display: flex; flex-direction: column; align-items: center;"">
                  <button class=""jspsych-btn"" style=""padding: 0; border: none; background: none;"">
                    <img src=""https://raw.githubusercontent.com/ucsd-psych201a/yu2007/refs/heads/main/stimuli/condition1/image/8.bmp"" 
                         alt=""Image 8"" 
                         style=""width: 150px; height: 150px; display: block;"">
                  </button>
                  <div style=""margin-top: 10px; font-weight: bold;"">C</div>
                </div><div style=""display: flex; flex-direction: column; align-items: center;"">
                  <button class=""jspsych-btn"" style=""padding: 0; border: none; background: none;"">
                    <img src=""https://raw.githubusercontent.com/ucsd-psych201a/yu2007/refs/heads/main/stimuli/condition1/image/18.bmp"" 
                         alt=""Image 18"" 
                         style=""width: 150px; height: 150px; display: block;"">
                  </button>
                  <div style=""margin-top: 10px; font-weight: bold;"">D</div>
                </div>
        </div>
      </div>
    ","1","html-button-response","95","2.0.0","387613","","","","","","B","2","B","true","4658"
"3110","
      <div style=""text-align: center;"">
        <p>Listen to the audio and select the matching image:</p>
        <audio src=""https://raw.githubusercontent.com/ucsd-psych201a/yu2007/refs/heads/main/stimuli/condition1/audio/3.mp3"" autoplay></audio>
        <div style=""display: flex; justify-content: center; gap: 20px; margin-top: 20px;"">
          <div style=""display: flex; flex-direction: column; align-items: center;"">
                  <button class=""jspsych-btn"" style=""padding: 0; border: none; background: none;"">
                    <img src=""https://raw.githubusercontent.com/ucsd-psych201a/yu2007/refs/heads/main/stimuli/condition1/image/15.bmp"" 
                         alt=""Image 15"" 
                         style=""width: 150px; height: 150px; display: block;"">
                  </button>
                  <div style=""margin-top: 10px; font-weight: bold;"">A</div>
                </div><div style=""display: flex; flex-direction: column; align-items: center;"">
                  <button class=""jspsych-btn"" style=""padding: 0; border: none; background: none;"">
                    <img src=""https://raw.githubusercontent.com/ucsd-psych201a/yu2007/refs/heads/main/stimuli/condition1/image/9.bmp"" 
                         alt=""Image 9"" 
                         style=""width: 150px; height: 150px; display: block;"">
                  </button>
                  <div style=""margin-top: 10px; font-weight: bold;"">B</div>
                </div><div style=""display: flex; flex-direction: column; align-items: center;"">
                  <button class=""jspsych-btn"" style=""padding: 0; border: none; background: none;"">
                    <img src=""https://raw.githubusercontent.com/ucsd-psych201a/yu2007/refs/heads/main/stimuli/condition1/image/10.bmp"" 
                         alt=""Image 10"" 
                         style=""width: 150px; height: 150px; display: block;"">
                  </button>
                  <div style=""margin-top: 10px; font-weight: bold;"">C</div>
                </div><div style=""display: flex; flex-direction: column; align-items: center;"">
                  <button class=""jspsych-btn"" style=""padding: 0; border: none; background: none;"">
                    <img src=""https://raw.githubusercontent.com/ucsd-psych201a/yu2007/refs/heads/main/stimuli/condition1/image/3.bmp"" 
                         alt=""Image 3"" 
                         style=""width: 150px; height: 150px; display: block;"">
                  </button>
                  <div style=""margin-top: 10px; font-weight: bold;"">D</div>
                </div>
        </div>
      </div>
    ","3","html-button-response","96","2.0.0","390730","","","","","","D","3","D","true","3110"
"2360","
      <div style=""text-align: center;"">
        <p>Listen to the audio and select the matching image:</p>
        <audio src=""https://raw.githubusercontent.com/ucsd-psych201a/yu2007/refs/heads/main/stimuli/condition1/audio/4.mp3"" autoplay></audio>
        <div style=""display: flex; justify-content: center; gap: 20px; margin-top: 20px;"">
          <div style=""display: flex; flex-direction: column; align-items: center;"">
                  <button class=""jspsych-btn"" style=""padding: 0; border: none; background: none;"">
                    <img src=""https://raw.githubusercontent.com/ucsd-psych201a/yu2007/refs/heads/main/stimuli/condition1/image/2.bmp"" 
                         alt=""Image 2"" 
                         style=""width: 150px; height: 150px; display: block;"">
                  </button>
                  <div style=""margin-top: 10px; font-weight: bold;"">A</div>
                </div><div style=""display: flex; flex-direction: column; align-items: center;"">
                  <button class=""jspsych-btn"" style=""padding: 0; border: none; background: none;"">
                    <img src=""https://raw.githubusercontent.com/ucsd-psych201a/yu2007/refs/heads/main/stimuli/condition1/image/5.bmp"" 
                         alt=""Image 5"" 
                         style=""width: 150px; height: 150px; display: block;"">
                  </button>
                  <div style=""margin-top: 10px; font-weight: bold;"">B</div>
                </div><div style=""display: flex; flex-direction: column; align-items: center;"">
                  <button class=""jspsych-btn"" style=""padding: 0; border: none; background: none;"">
                    <img src=""https://raw.githubusercontent.com/ucsd-psych201a/yu2007/refs/heads/main/stimuli/condition1/image/15.bmp"" 
                         alt=""Image 15"" 
                         style=""width: 150px; height: 150px; display: block;"">
                  </button>
                  <div style=""margin-top: 10px; font-weight: bold;"">C</div>
                </div><div style=""display: flex; flex-direction: column; align-items: center;"">
                  <button class=""jspsych-btn"" style=""padding: 0; border: none; background: none;"">
                    <img src=""https://raw.githubusercontent.com/ucsd-psych201a/yu2007/refs/heads/main/stimuli/condition1/image/4.bmp"" 
                         alt=""Image 4"" 
                         style=""width: 150px; height: 150px; display: block;"">
                  </button>
                  <div style=""margin-top: 10px; font-weight: bold;"">D</div>
                </div>
        </div>
      </div>
    ","3","html-button-response","97","2.0.0","393096","","","","","","D","4","D","true","2360"
"3093","
      <div style=""text-align: center;"">
        <p>Listen to the audio and select the matching image:</p>
        <audio src=""https://raw.githubusercontent.com/ucsd-psych201a/yu2007/refs/heads/main/stimuli/condition1/audio/5.mp3"" autoplay></audio>
        <div style=""display: flex; justify-content: center; gap: 20px; margin-top: 20px;"">
          <div style=""display: flex; flex-direction: column; align-items: center;"">
                  <button class=""jspsych-btn"" style=""padding: 0; border: none; background: none;"">
                    <img src=""https://raw.githubusercontent.com/ucsd-psych201a/yu2007/refs/heads/main/stimuli/condition1/image/17.bmp"" 
                         alt=""Image 17"" 
                         style=""width: 150px; height: 150px; display: block;"">
                  </button>
                  <div style=""margin-top: 10px; font-weight: bold;"">A</div>
                </div><div style=""display: flex; flex-direction: column; align-items: center;"">
                  <button class=""jspsych-btn"" style=""padding: 0; border: none; background: none;"">
                    <img src=""https://raw.githubusercontent.com/ucsd-psych201a/yu2007/refs/heads/main/stimuli/condition1/image/5.bmp"" 
                         alt=""Image 5"" 
                         style=""width: 150px; height: 150px; display: block;"">
                  </button>
                  <div style=""margin-top: 10px; font-weight: bold;"">B</div>
                </div><div style=""display: flex; flex-direction: column; align-items: center;"">
                  <button class=""jspsych-btn"" style=""padding: 0; border: none; background: none;"">
                    <img src=""https://raw.githubusercontent.com/ucsd-psych201a/yu2007/refs/heads/main/stimuli/condition1/image/3.bmp"" 
                         alt=""Image 3"" 
                         style=""width: 150px; height: 150px; display: block;"">
                  </button>
                  <div style=""margin-top: 10px; font-weight: bold;"">C</div>
                </div><div style=""display: flex; flex-direction: column; align-items: center;"">
                  <button class=""jspsych-btn"" style=""padding: 0; border: none; background: none;"">
                    <img src=""https://raw.githubusercontent.com/ucsd-psych201a/yu2007/refs/heads/main/stimuli/condition1/image/1.bmp"" 
                         alt=""Image 1"" 
                         style=""width: 150px; height: 150px; display: block;"">
                  </button>
                  <div style=""margin-top: 10px; font-weight: bold;"">D</div>
                </div>
        </div>
      </div>
    ","1","html-button-response","98","2.0.0","396196","","","","","","B","5","B","true","3093"
"1511","
      <div style=""text-align: center;"">
        <p>Listen to the audio and select the matching image:</p>
        <audio src=""https://raw.githubusercontent.com/ucsd-psych201a/yu2007/refs/heads/main/stimuli/condition1/audio/6.mp3"" autoplay></audio>
        <div style=""display: flex; justify-content: center; gap: 20px; margin-top: 20px;"">
          <div style=""display: flex; flex-direction: column; align-items: center;"">
                  <button class=""jspsych-btn"" style=""padding: 0; border: none; background: none;"">
                    <img src=""https://raw.githubusercontent.com/ucsd-psych201a/yu2007/refs/heads/main/stimuli/condition1/image/6.bmp"" 
                         alt=""Image 6"" 
                         style=""width: 150px; height: 150px; display: block;"">
                  </button>
                  <div style=""margin-top: 10px; font-weight: bold;"">A</div>
                </div><div style=""display: flex; flex-direction: column; align-items: center;"">
                  <button class=""jspsych-btn"" style=""padding: 0; border: none; background: none;"">
                    <img src=""https://raw.githubusercontent.com/ucsd-psych201a/yu2007/refs/heads/main/stimuli/condition1/image/14.bmp"" 
                         alt=""Image 14"" 
                         style=""width: 150px; height: 150px; display: block;"">
                  </button>
                  <div style=""margin-top: 10px; font-weight: bold;"">B</div>
                </div><div style=""display: flex; flex-direction: column; align-items: center;"">
                  <button class=""jspsych-btn"" style=""padding: 0; border: none; background: none;"">
                    <img src=""https://raw.githubusercontent.com/ucsd-psych201a/yu2007/refs/heads/main/stimuli/condition1/image/9.bmp"" 
                         alt=""Image 9"" 
                         style=""width: 150px; height: 150px; display: block;"">
                  </button>
                  <div style=""margin-top: 10px; font-weight: bold;"">C</div>
                </div><div style=""display: flex; flex-direction: column; align-items: center;"">
                  <button class=""jspsych-btn"" style=""padding: 0; border: none; background: none;"">
                    <img src=""https://raw.githubusercontent.com/ucsd-psych201a/yu2007/refs/heads/main/stimuli/condition1/image/17.bmp"" 
                         alt=""Image 17"" 
                         style=""width: 150px; height: 150px; display: block;"">
                  </button>
                  <div style=""margin-top: 10px; font-weight: bold;"">D</div>
                </div>
        </div>
      </div>
    ","0","html-button-response","99","2.0.0","397713","","","","","","A","6","A","true","1511"
"7010","
      <div style=""text-align: center;"">
        <p>Listen to the audio and select the matching image:</p>
        <audio src=""https://raw.githubusercontent.com/ucsd-psych201a/yu2007/refs/heads/main/stimuli/condition1/audio/7.mp3"" autoplay></audio>
        <div style=""display: flex; justify-content: center; gap: 20px; margin-top: 20px;"">
          <div style=""display: flex; flex-direction: column; align-items: center;"">
                  <button class=""jspsych-btn"" style=""padding: 0; border: none; background: none;"">
                    <img src=""https://raw.githubusercontent.com/ucsd-psych201a/yu2007/refs/heads/main/stimuli/condition1/image/12.bmp"" 
                         alt=""Image 12"" 
                         style=""width: 150px; height: 150px; display: block;"">
                  </button>
                  <div style=""margin-top: 10px; font-weight: bold;"">A</div>
                </div><div style=""display: flex; flex-direction: column; align-items: center;"">
                  <button class=""jspsych-btn"" style=""padding: 0; border: none; background: none;"">
                    <img src=""https://raw.githubusercontent.com/ucsd-psych201a/yu2007/refs/heads/main/stimuli/condition1/image/17.bmp"" 
                         alt=""Image 17"" 
                         style=""width: 150px; height: 150px; display: block;"">
                  </button>
                  <div style=""margin-top: 10px; font-weight: bold;"">B</div>
                </div><div style=""display: flex; flex-direction: column; align-items: center;"">
                  <button class=""jspsych-btn"" style=""padding: 0; border: none; background: none;"">
                    <img src=""https://raw.githubusercontent.com/ucsd-psych201a/yu2007/refs/heads/main/stimuli/condition1/image/7.bmp"" 
                         alt=""Image 7"" 
                         style=""width: 150px; height: 150px; display: block;"">
                  </button>
                  <div style=""margin-top: 10px; font-weight: bold;"">C</div>
                </div><div style=""display: flex; flex-direction: column; align-items: center;"">
                  <button class=""jspsych-btn"" style=""padding: 0; border: none; background: none;"">
                    <img src=""https://raw.githubusercontent.com/ucsd-psych201a/yu2007/refs/heads/main/stimuli/condition1/image/9.bmp"" 
                         alt=""Image 9"" 
                         style=""width: 150px; height: 150px; display: block;"">
                  </button>
                  <div style=""margin-top: 10px; font-weight: bold;"">D</div>
                </div>
        </div>
      </div>
    ","1","html-button-response","100","2.0.0","404730","","","","","","C","7","B","false","7010"
"1658","
      <div style=""text-align: center;"">
        <p>Listen to the audio and select the matching image:</p>
        <audio src=""https://raw.githubusercontent.com/ucsd-psych201a/yu2007/refs/heads/main/stimuli/condition1/audio/8.mp3"" autoplay></audio>
        <div style=""display: flex; justify-content: center; gap: 20px; margin-top: 20px;"">
          <div style=""display: flex; flex-direction: column; align-items: center;"">
                  <button class=""jspsych-btn"" style=""padding: 0; border: none; background: none;"">
                    <img src=""https://raw.githubusercontent.com/ucsd-psych201a/yu2007/refs/heads/main/stimuli/condition1/image/4.bmp"" 
                         alt=""Image 4"" 
                         style=""width: 150px; height: 150px; display: block;"">
                  </button>
                  <div style=""margin-top: 10px; font-weight: bold;"">A</div>
                </div><div style=""display: flex; flex-direction: column; align-items: center;"">
                  <button class=""jspsych-btn"" style=""padding: 0; border: none; background: none;"">
                    <img src=""https://raw.githubusercontent.com/ucsd-psych201a/yu2007/refs/heads/main/stimuli/condition1/image/8.bmp"" 
                         alt=""Image 8"" 
                         style=""width: 150px; height: 150px; display: block;"">
                  </button>
                  <div style=""margin-top: 10px; font-weight: bold;"">B</div>
                </div><div style=""display: flex; flex-direction: column; align-items: center;"">
                  <button class=""jspsych-btn"" style=""padding: 0; border: none; background: none;"">
                    <img src=""https://raw.githubusercontent.com/ucsd-psych201a/yu2007/refs/heads/main/stimuli/condition1/image/18.bmp"" 
                         alt=""Image 18"" 
                         style=""width: 150px; height: 150px; display: block;"">
                  </button>
                  <div style=""margin-top: 10px; font-weight: bold;"">C</div>
                </div><div style=""display: flex; flex-direction: column; align-items: center;"">
                  <button class=""jspsych-btn"" style=""padding: 0; border: none; background: none;"">
                    <img src=""https://raw.githubusercontent.com/ucsd-psych201a/yu2007/refs/heads/main/stimuli/condition1/image/1.bmp"" 
                         alt=""Image 1"" 
                         style=""width: 150px; height: 150px; display: block;"">
                  </button>
                  <div style=""margin-top: 10px; font-weight: bold;"">D</div>
                </div>
        </div>
      </div>
    ","1","html-button-response","101","2.0.0","406396","","","","","","B","8","B","true","1658"
"7409","
      <div style=""text-align: center;"">
        <p>Listen to the audio and select the matching image:</p>
        <audio src=""https://raw.githubusercontent.com/ucsd-psych201a/yu2007/refs/heads/main/stimuli/condition1/audio/9.mp3"" autoplay></audio>
        <div style=""display: flex; justify-content: center; gap: 20px; margin-top: 20px;"">
          <div style=""display: flex; flex-direction: column; align-items: center;"">
                  <button class=""jspsych-btn"" style=""padding: 0; border: none; background: none;"">
                    <img src=""https://raw.githubusercontent.com/ucsd-psych201a/yu2007/refs/heads/main/stimuli/condition1/image/18.bmp"" 
                         alt=""Image 18"" 
                         style=""width: 150px; height: 150px; display: block;"">
                  </button>
                  <div style=""margin-top: 10px; font-weight: bold;"">A</div>
                </div><div style=""display: flex; flex-direction: column; align-items: center;"">
                  <button class=""jspsych-btn"" style=""padding: 0; border: none; background: none;"">
                    <img src=""https://raw.githubusercontent.com/ucsd-psych201a/yu2007/refs/heads/main/stimuli/condition1/image/10.bmp"" 
                         alt=""Image 10"" 
                         style=""width: 150px; height: 150px; display: block;"">
                  </button>
                  <div style=""margin-top: 10px; font-weight: bold;"">B</div>
                </div><div style=""display: flex; flex-direction: column; align-items: center;"">
                  <button class=""jspsych-btn"" style=""padding: 0; border: none; background: none;"">
                    <img src=""https://raw.githubusercontent.com/ucsd-psych201a/yu2007/refs/heads/main/stimuli/condition1/image/9.bmp"" 
                         alt=""Image 9"" 
                         style=""width: 150px; height: 150px; display: block;"">
                  </button>
                  <div style=""margin-top: 10px; font-weight: bold;"">C</div>
                </div><div style=""display: flex; flex-direction: column; align-items: center;"">
                  <button class=""jspsych-btn"" style=""padding: 0; border: none; background: none;"">
                    <img src=""https://raw.githubusercontent.com/ucsd-psych201a/yu2007/refs/heads/main/stimuli/condition1/image/5.bmp"" 
                         alt=""Image 5"" 
                         style=""width: 150px; height: 150px; display: block;"">
                  </button>
                  <div style=""margin-top: 10px; font-weight: bold;"">D</div>
                </div>
        </div>
      </div>
    ","2","html-button-response","102","2.0.0","413812","","","","","","C","9","C","true","7409"
"2712","
      <div style=""text-align: center;"">
        <p>Listen to the audio and select the matching image:</p>
        <audio src=""https://raw.githubusercontent.com/ucsd-psych201a/yu2007/refs/heads/main/stimuli/condition1/audio/10.mp3"" autoplay></audio>
        <div style=""display: flex; justify-content: center; gap: 20px; margin-top: 20px;"">
          <div style=""display: flex; flex-direction: column; align-items: center;"">
                  <button class=""jspsych-btn"" style=""padding: 0; border: none; background: none;"">
                    <img src=""https://raw.githubusercontent.com/ucsd-psych201a/yu2007/refs/heads/main/stimuli/condition1/image/12.bmp"" 
                         alt=""Image 12"" 
                         style=""width: 150px; height: 150px; display: block;"">
                  </button>
                  <div style=""margin-top: 10px; font-weight: bold;"">A</div>
                </div><div style=""display: flex; flex-direction: column; align-items: center;"">
                  <button class=""jspsych-btn"" style=""padding: 0; border: none; background: none;"">
                    <img src=""https://raw.githubusercontent.com/ucsd-psych201a/yu2007/refs/heads/main/stimuli/condition1/image/16.bmp"" 
                         alt=""Image 16"" 
                         style=""width: 150px; height: 150px; display: block;"">
                  </button>
                  <div style=""margin-top: 10px; font-weight: bold;"">B</div>
                </div><div style=""display: flex; flex-direction: column; align-items: center;"">
                  <button class=""jspsych-btn"" style=""padding: 0; border: none; background: none;"">
                    <img src=""https://raw.githubusercontent.com/ucsd-psych201a/yu2007/refs/heads/main/stimuli/condition1/image/17.bmp"" 
                         alt=""Image 17"" 
                         style=""width: 150px; height: 150px; display: block;"">
                  </button>
                  <div style=""margin-top: 10px; font-weight: bold;"">C</div>
                </div><div style=""display: flex; flex-direction: column; align-items: center;"">
                  <button class=""jspsych-btn"" style=""padding: 0; border: none; background: none;"">
                    <img src=""https://raw.githubusercontent.com/ucsd-psych201a/yu2007/refs/heads/main/stimuli/condition1/image/10.bmp"" 
                         alt=""Image 10"" 
                         style=""width: 150px; height: 150px; display: block;"">
                  </button>
                  <div style=""margin-top: 10px; font-weight: bold;"">D</div>
                </div>
        </div>
      </div>
    ","3","html-button-response","103","2.0.0","416529","","","","","","D","10","D","true","2712"
"5729","
      <div style=""text-align: center;"">
        <p>Listen to the audio and select the matching image:</p>
        <audio src=""https://raw.githubusercontent.com/ucsd-psych201a/yu2007/refs/heads/main/stimuli/condition1/audio/11.mp3"" autoplay></audio>
        <div style=""display: flex; justify-content: center; gap: 20px; margin-top: 20px;"">
          <div style=""display: flex; flex-direction: column; align-items: center;"">
                  <button class=""jspsych-btn"" style=""padding: 0; border: none; background: none;"">
                    <img src=""https://raw.githubusercontent.com/ucsd-psych201a/yu2007/refs/heads/main/stimuli/condition1/image/4.bmp"" 
                         alt=""Image 4"" 
                         style=""width: 150px; height: 150px; display: block;"">
                  </button>
                  <div style=""margin-top: 10px; font-weight: bold;"">A</div>
                </div><div style=""display: flex; flex-direction: column; align-items: center;"">
                  <button class=""jspsych-btn"" style=""padding: 0; border: none; background: none;"">
                    <img src=""https://raw.githubusercontent.com/ucsd-psych201a/yu2007/refs/heads/main/stimuli/condition1/image/3.bmp"" 
                         alt=""Image 3"" 
                         style=""width: 150px; height: 150px; display: block;"">
                  </button>
                  <div style=""margin-top: 10px; font-weight: bold;"">B</div>
                </div><div style=""display: flex; flex-direction: column; align-items: center;"">
                  <button class=""jspsych-btn"" style=""padding: 0; border: none; background: none;"">
                    <img src=""https://raw.githubusercontent.com/ucsd-psych201a/yu2007/refs/heads/main/stimuli/condition1/image/7.bmp"" 
                         alt=""Image 7"" 
                         style=""width: 150px; height: 150px; display: block;"">
                  </button>
                  <div style=""margin-top: 10px; font-weight: bold;"">C</div>
                </div><div style=""display: flex; flex-direction: column; align-items: center;"">
                  <button class=""jspsych-btn"" style=""padding: 0; border: none; background: none;"">
                    <img src=""https://raw.githubusercontent.com/ucsd-psych201a/yu2007/refs/heads/main/stimuli/condition1/image/11.bmp"" 
                         alt=""Image 11"" 
                         style=""width: 150px; height: 150px; display: block;"">
                  </button>
                  <div style=""margin-top: 10px; font-weight: bold;"">D</div>
                </div>
        </div>
      </div>
    ","3","html-button-response","104","2.0.0","422263","","","","","","D","11","D","true","5729"
"5278","
      <div style=""text-align: center;"">
        <p>Listen to the audio and select the matching image:</p>
        <audio src=""https://raw.githubusercontent.com/ucsd-psych201a/yu2007/refs/heads/main/stimuli/condition1/audio/12.mp3"" autoplay></audio>
        <div style=""display: flex; justify-content: center; gap: 20px; margin-top: 20px;"">
          <div style=""display: flex; flex-direction: column; align-items: center;"">
                  <button class=""jspsych-btn"" style=""padding: 0; border: none; background: none;"">
                    <img src=""https://raw.githubusercontent.com/ucsd-psych201a/yu2007/refs/heads/main/stimuli/condition1/image/3.bmp"" 
                         alt=""Image 3"" 
                         style=""width: 150px; height: 150px; display: block;"">
                  </button>
                  <div style=""margin-top: 10px; font-weight: bold;"">A</div>
                </div><div style=""display: flex; flex-direction: column; align-items: center;"">
                  <button class=""jspsych-btn"" style=""padding: 0; border: none; background: none;"">
                    <img src=""https://raw.githubusercontent.com/ucsd-psych201a/yu2007/refs/heads/main/stimuli/condition1/image/5.bmp"" 
                         alt=""Image 5"" 
                         style=""width: 150px; height: 150px; display: block;"">
                  </button>
                  <div style=""margin-top: 10px; font-weight: bold;"">B</div>
                </div><div style=""display: flex; flex-direction: column; align-items: center;"">
                  <button class=""jspsych-btn"" style=""padding: 0; border: none; background: none;"">
                    <img src=""https://raw.githubusercontent.com/ucsd-psych201a/yu2007/refs/heads/main/stimuli/condition1/image/12.bmp"" 
                         alt=""Image 12"" 
                         style=""width: 150px; height: 150px; display: block;"">
                  </button>
                  <div style=""margin-top: 10px; font-weight: bold;"">C</div>
                </div><div style=""display: flex; flex-direction: column; align-items: center;"">
                  <button class=""jspsych-btn"" style=""padding: 0; border: none; background: none;"">
                    <img src=""https://raw.githubusercontent.com/ucsd-psych201a/yu2007/refs/heads/main/stimuli/condition1/image/17.bmp"" 
                         alt=""Image 17"" 
                         style=""width: 150px; height: 150px; display: block;"">
                  </button>
                  <div style=""margin-top: 10px; font-weight: bold;"">D</div>
                </div>
        </div>
      </div>
    ","2","html-button-response","105","2.0.0","427546","","","","","","C","12","C","true","5278"
"9711","
      <div style=""text-align: center;"">
        <p>Listen to the audio and select the matching image:</p>
        <audio src=""https://raw.githubusercontent.com/ucsd-psych201a/yu2007/refs/heads/main/stimuli/condition1/audio/13.mp3"" autoplay></audio>
        <div style=""display: flex; justify-content: center; gap: 20px; margin-top: 20px;"">
          <div style=""display: flex; flex-direction: column; align-items: center;"">
                  <button class=""jspsych-btn"" style=""padding: 0; border: none; background: none;"">
                    <img src=""https://raw.githubusercontent.com/ucsd-psych201a/yu2007/refs/heads/main/stimuli/condition1/image/3.bmp"" 
                         alt=""Image 3"" 
                         style=""width: 150px; height: 150px; display: block;"">
                  </button>
                  <div style=""margin-top: 10px; font-weight: bold;"">A</div>
                </div><div style=""display: flex; flex-direction: column; align-items: center;"">
                  <button class=""jspsych-btn"" style=""padding: 0; border: none; background: none;"">
                    <img src=""https://raw.githubusercontent.com/ucsd-psych201a/yu2007/refs/heads/main/stimuli/condition1/image/13.bmp"" 
                         alt=""Image 13"" 
                         style=""width: 150px; height: 150px; display: block;"">
                  </button>
                  <div style=""margin-top: 10px; font-weight: bold;"">B</div>
                </div><div style=""display: flex; flex-direction: column; align-items: center;"">
                  <button class=""jspsych-btn"" style=""padding: 0; border: none; background: none;"">
                    <img src=""https://raw.githubusercontent.com/ucsd-psych201a/yu2007/refs/heads/main/stimuli/condition1/image/15.bmp"" 
                         alt=""Image 15"" 
                         style=""width: 150px; height: 150px; display: block;"">
                  </button>
                  <div style=""margin-top: 10px; font-weight: bold;"">C</div>
                </div><div style=""display: flex; flex-direction: column; align-items: center;"">
                  <button class=""jspsych-btn"" style=""padding: 0; border: none; background: none;"">
                    <img src=""https://raw.githubusercontent.com/ucsd-psych201a/yu2007/refs/heads/main/stimuli/condition1/image/8.bmp"" 
                         alt=""Image 8"" 
                         style=""width: 150px; height: 150px; display: block;"">
                  </button>
                  <div style=""margin-top: 10px; font-weight: bold;"">D</div>
                </div>
        </div>
      </div>
    ","1","html-button-response","106","2.0.0","437263","","","","","","B","13","B","true","9711"
"4394","
      <div style=""text-align: center;"">
        <p>Listen to the audio and select the matching image:</p>
        <audio src=""https://raw.githubusercontent.com/ucsd-psych201a/yu2007/refs/heads/main/stimuli/condition1/audio/14.mp3"" autoplay></audio>
        <div style=""display: flex; justify-content: center; gap: 20px; margin-top: 20px;"">
          <div style=""display: flex; flex-direction: column; align-items: center;"">
                  <button class=""jspsych-btn"" style=""padding: 0; border: none; background: none;"">
                    <img src=""https://raw.githubusercontent.com/ucsd-psych201a/yu2007/refs/heads/main/stimuli/condition1/image/17.bmp"" 
                         alt=""Image 17"" 
                         style=""width: 150px; height: 150px; display: block;"">
                  </button>
                  <div style=""margin-top: 10px; font-weight: bold;"">A</div>
                </div><div style=""display: flex; flex-direction: column; align-items: center;"">
                  <button class=""jspsych-btn"" style=""padding: 0; border: none; background: none;"">
                    <img src=""https://raw.githubusercontent.com/ucsd-psych201a/yu2007/refs/heads/main/stimuli/condition1/image/8.bmp"" 
                         alt=""Image 8"" 
                         style=""width: 150px; height: 150px; display: block;"">
                  </button>
                  <div style=""margin-top: 10px; font-weight: bold;"">B</div>
                </div><div style=""display: flex; flex-direction: column; align-items: center;"">
                  <button class=""jspsych-btn"" style=""padding: 0; border: none; background: none;"">
                    <img src=""https://raw.githubusercontent.com/ucsd-psych201a/yu2007/refs/heads/main/stimuli/condition1/image/14.bmp"" 
                         alt=""Image 14"" 
                         style=""width: 150px; height: 150px; display: block;"">
                  </button>
                  <div style=""margin-top: 10px; font-weight: bold;"">C</div>
                </div><div style=""display: flex; flex-direction: column; align-items: center;"">
                  <button class=""jspsych-btn"" style=""padding: 0; border: none; background: none;"">
                    <img src=""https://raw.githubusercontent.com/ucsd-psych201a/yu2007/refs/heads/main/stimuli/condition1/image/2.bmp"" 
                         alt=""Image 2"" 
                         style=""width: 150px; height: 150px; display: block;"">
                  </button>
                  <div style=""margin-top: 10px; font-weight: bold;"">D</div>
                </div>
        </div>
      </div>
    ","2","html-button-response","107","2.0.0","441663","","","","","","C","14","C","true","4394"
"1942","
      <div style=""text-align: center;"">
        <p>Listen to the audio and select the matching image:</p>
        <audio src=""https://raw.githubusercontent.com/ucsd-psych201a/yu2007/refs/heads/main/stimuli/condition1/audio/15.mp3"" autoplay></audio>
        <div style=""display: flex; justify-content: center; gap: 20px; margin-top: 20px;"">
          <div style=""display: flex; flex-direction: column; align-items: center;"">
                  <button class=""jspsych-btn"" style=""padding: 0; border: none; background: none;"">
                    <img src=""https://raw.githubusercontent.com/ucsd-psych201a/yu2007/refs/heads/main/stimuli/condition1/image/17.bmp"" 
                         alt=""Image 17"" 
                         style=""width: 150px; height: 150px; display: block;"">
                  </button>
                  <div style=""margin-top: 10px; font-weight: bold;"">A</div>
                </div><div style=""display: flex; flex-direction: column; align-items: center;"">
                  <button class=""jspsych-btn"" style=""padding: 0; border: none; background: none;"">
                    <img src=""https://raw.githubusercontent.com/ucsd-psych201a/yu2007/refs/heads/main/stimuli/condition1/image/15.bmp"" 
                         alt=""Image 15"" 
                         style=""width: 150px; height: 150px; display: block;"">
                  </button>
                  <div style=""margin-top: 10px; font-weight: bold;"">B</div>
                </div><div style=""display: flex; flex-direction: column; align-items: center;"">
                  <button class=""jspsych-btn"" style=""padding: 0; border: none; background: none;"">
                    <img src=""https://raw.githubusercontent.com/ucsd-psych201a/yu2007/refs/heads/main/stimuli/condition1/image/3.bmp"" 
                         alt=""Image 3"" 
                         style=""width: 150px; height: 150px; display: block;"">
                  </button>
                  <div style=""margin-top: 10px; font-weight: bold;"">C</div>
                </div><div style=""display: flex; flex-direction: column; align-items: center;"">
                  <button class=""jspsych-btn"" style=""padding: 0; border: none; background: none;"">
                    <img src=""https://raw.githubusercontent.com/ucsd-psych201a/yu2007/refs/heads/main/stimuli/condition1/image/16.bmp"" 
                         alt=""Image 16"" 
                         style=""width: 150px; height: 150px; display: block;"">
                  </button>
                  <div style=""margin-top: 10px; font-weight: bold;"">D</div>
                </div>
        </div>
      </div>
    ","1","html-button-response","108","2.0.0","443613","","","","","","B","15","B","true","1942"
"4143","
      <div style=""text-align: center;"">
        <p>Listen to the audio and select the matching image:</p>
        <audio src=""https://raw.githubusercontent.com/ucsd-psych201a/yu2007/refs/heads/main/stimuli/condition1/audio/16.mp3"" autoplay></audio>
        <div style=""display: flex; justify-content: center; gap: 20px; margin-top: 20px;"">
          <div style=""display: flex; flex-direction: column; align-items: center;"">
                  <button class=""jspsych-btn"" style=""padding: 0; border: none; background: none;"">
                    <img src=""https://raw.githubusercontent.com/ucsd-psych201a/yu2007/refs/heads/main/stimuli/condition1/image/7.bmp"" 
                         alt=""Image 7"" 
                         style=""width: 150px; height: 150px; display: block;"">
                  </button>
                  <div style=""margin-top: 10px; font-weight: bold;"">A</div>
                </div><div style=""display: flex; flex-direction: column; align-items: center;"">
                  <button class=""jspsych-btn"" style=""padding: 0; border: none; background: none;"">
                    <img src=""https://raw.githubusercontent.com/ucsd-psych201a/yu2007/refs/heads/main/stimuli/condition1/image/17.bmp"" 
                         alt=""Image 17"" 
                         style=""width: 150px; height: 150px; display: block;"">
                  </button>
                  <div style=""margin-top: 10px; font-weight: bold;"">B</div>
                </div><div style=""display: flex; flex-direction: column; align-items: center;"">
                  <button class=""jspsych-btn"" style=""padding: 0; border: none; background: none;"">
                    <img src=""https://raw.githubusercontent.com/ucsd-psych201a/yu2007/refs/heads/main/stimuli/condition1/image/16.bmp"" 
                         alt=""Image 16"" 
                         style=""width: 150px; height: 150px; display: block;"">
                  </button>
                  <div style=""margin-top: 10px; font-weight: bold;"">C</div>
                </div><div style=""display: flex; flex-direction: column; align-items: center;"">
                  <button class=""jspsych-btn"" style=""padding: 0; border: none; background: none;"">
                    <img src=""https://raw.githubusercontent.com/ucsd-psych201a/yu2007/refs/heads/main/stimuli/condition1/image/2.bmp"" 
                         alt=""Image 2"" 
                         style=""width: 150px; height: 150px; display: block;"">
                  </button>
                  <div style=""margin-top: 10px; font-weight: bold;"">D</div>
                </div>
        </div>
      </div>
    ","2","html-button-response","109","2.0.0","447763","","","","","","C","16","C","true","4143"
"7658","
      <div style=""text-align: center;"">
        <p>Listen to the audio and select the matching image:</p>
        <audio src=""https://raw.githubusercontent.com/ucsd-psych201a/yu2007/refs/heads/main/stimuli/condition1/audio/17.mp3"" autoplay></audio>
        <div style=""display: flex; justify-content: center; gap: 20px; margin-top: 20px;"">
          <div style=""display: flex; flex-direction: column; align-items: center;"">
                  <button class=""jspsych-btn"" style=""padding: 0; border: none; background: none;"">
                    <img src=""https://raw.githubusercontent.com/ucsd-psych201a/yu2007/refs/heads/main/stimuli/condition1/image/5.bmp"" 
                         alt=""Image 5"" 
                         style=""width: 150px; height: 150px; display: block;"">
                  </button>
                  <div style=""margin-top: 10px; font-weight: bold;"">A</div>
                </div><div style=""display: flex; flex-direction: column; align-items: center;"">
                  <button class=""jspsych-btn"" style=""padding: 0; border: none; background: none;"">
                    <img src=""https://raw.githubusercontent.com/ucsd-psych201a/yu2007/refs/heads/main/stimuli/condition1/image/17.bmp"" 
                         alt=""Image 17"" 
                         style=""width: 150px; height: 150px; display: block;"">
                  </button>
                  <div style=""margin-top: 10px; font-weight: bold;"">B</div>
                </div><div style=""display: flex; flex-direction: column; align-items: center;"">
                  <button class=""jspsych-btn"" style=""padding: 0; border: none; background: none;"">
                    <img src=""https://raw.githubusercontent.com/ucsd-psych201a/yu2007/refs/heads/main/stimuli/condition1/image/18.bmp"" 
                         alt=""Image 18"" 
                         style=""width: 150px; height: 150px; display: block;"">
                  </button>
                  <div style=""margin-top: 10px; font-weight: bold;"">C</div>
                </div><div style=""display: flex; flex-direction: column; align-items: center;"">
                  <button class=""jspsych-btn"" style=""padding: 0; border: none; background: none;"">
                    <img src=""https://raw.githubusercontent.com/ucsd-psych201a/yu2007/refs/heads/main/stimuli/condition1/image/9.bmp"" 
                         alt=""Image 9"" 
                         style=""width: 150px; height: 150px; display: block;"">
                  </button>
                  <div style=""margin-top: 10px; font-weight: bold;"">D</div>
                </div>
        </div>
      </div>
    ","1","html-button-response","110","2.0.0","455428","","","","","","B","17","B","true","7658"
"2276","
      <div style=""text-align: center;"">
        <p>Listen to the audio and select the matching image:</p>
        <audio src=""https://raw.githubusercontent.com/ucsd-psych201a/yu2007/refs/heads/main/stimuli/condition1/audio/18.mp3"" autoplay></audio>
        <div style=""display: flex; justify-content: center; gap: 20px; margin-top: 20px;"">
          <div style=""display: flex; flex-direction: column; align-items: center;"">
                  <button class=""jspsych-btn"" style=""padding: 0; border: none; background: none;"">
                    <img src=""https://raw.githubusercontent.com/ucsd-psych201a/yu2007/refs/heads/main/stimuli/condition1/image/12.bmp"" 
                         alt=""Image 12"" 
                         style=""width: 150px; height: 150px; display: block;"">
                  </button>
                  <div style=""margin-top: 10px; font-weight: bold;"">A</div>
                </div><div style=""display: flex; flex-direction: column; align-items: center;"">
                  <button class=""jspsych-btn"" style=""padding: 0; border: none; background: none;"">
                    <img src=""https://raw.githubusercontent.com/ucsd-psych201a/yu2007/refs/heads/main/stimuli/condition1/image/4.bmp"" 
                         alt=""Image 4"" 
                         style=""width: 150px; height: 150px; display: block;"">
                  </button>
                  <div style=""margin-top: 10px; font-weight: bold;"">B</div>
                </div><div style=""display: flex; flex-direction: column; align-items: center;"">
                  <button class=""jspsych-btn"" style=""padding: 0; border: none; background: none;"">
                    <img src=""https://raw.githubusercontent.com/ucsd-psych201a/yu2007/refs/heads/main/stimuli/condition1/image/18.bmp"" 
                         alt=""Image 18"" 
                         style=""width: 150px; height: 150px; display: block;"">
                  </button>
                  <div style=""margin-top: 10px; font-weight: bold;"">C</div>
                </div><div style=""display: flex; flex-direction: column; align-items: center;"">
                  <button class=""jspsych-btn"" style=""padding: 0; border: none; background: none;"">
                    <img src=""https://raw.githubusercontent.com/ucsd-psych201a/yu2007/refs/heads/main/stimuli/condition1/image/14.bmp"" 
                         alt=""Image 14"" 
                         style=""width: 150px; height: 150px; display: block;"">
                  </button>
                  <div style=""margin-top: 10px; font-weight: bold;"">D</div>
                </div>
        </div>
      </div>
    ","2","html-button-response","111","2.0.0","457713","","","","","","C","18","C","true","2276"
